archivo	estado	sha256_original	sha256_update01
IMPLEMENTATION_STATUS.md	modificado	f42b2c0c9df3d62b864fecf98bed6b11b193e869d70537ac2011469d4833dad0	b3c7a8f75e20fd591cabf12b60f954794430a8140ed933bce5b0b5887ec1abd7
dist/app.js	modificado	b2a77e83142b09fadb5e5012a4315190130d7ae50c483cf37339a21ab8065a27	1fd8d74005cbcc9e94c7f30c386672e886551db438ab803f00fa233a3116323c
dist/design-system/preparation.js	añadido		9ee4d29a05ed219b7ea347f01ad5b284fcb88adede50e055edacd76d260bb4ce
dist/design-system/rooms.js	modificado	9cb1ac10151c36179c10ae2e43bc215a9b4be957c09bac6155aaf27814399317	43fa592b39726536c49af883a5aaf92d8f876afa87f8007c03c063f440eac8ae
dist/design-system/update01.css	añadido		889945ec5896eb51c26b15d00e1841bc036ff7e7d189529ac83e17f773b7b686
dist/index.html	modificado	acf3fc30ce52d8d31769c6939d13d41375f5e1ee02bd155f7a3f0eccc480e75a	44c5ac8bc18cb6e6791a73f03450c51eff88d97d5d1ca403c7671abf0f63d010
dist/platform/animation.js	modificado	e1920892f0420229c34396d8577c022d3949e039a81793623e5e275ff892027b	cc5592ba9c085a28290fa6c4832e7c2b4725c55f8409683cd255898b0fcb2db4
dist/startup-bundle.js	modificado	6d17108e918a01ab18c354f6909d1486252a0035231ade299e631f2c65ede943	72ec3c4509bd8fbd220c47784f33cf05655348defdb923033410ba65a6a6b2bb
docs/update-01/REPORT.md	añadido		9d2272bfe1e2b4291a12ace837403b1d8f870d3fd6fb8df5744ed81352aea918
docs/update-01/RUN.md	añadido		6c7ca115ec9c0215c860d39bf27a5352ba3adbb553b5575656b79183f0211882
docs/update-01/SPEC.md	añadido		2dad39e27424881caa719158c85f8cb7f5797c3d37adc592a50b4ac79f568762
docs/update-01/evidence/a11y.log	añadido		b486a5e535571a46580ff5f4a7c281011f8e487d4d24721e9460697bacea45e0
docs/update-01/evidence/dom.log	añadido		3d8555623aca3172e22df75fae62f713a0f32eb1b26574f0fc824773f4e65674
docs/update-01/evidence/e2e.log	añadido		088122c5df3081c94f4a19f0b1f52a7d9bd1c2bf55f4d6833c8379cfe78236e4
docs/update-01/evidence/existing-e2e.log	añadido		9f54ab83ba427f0c98b33d744ea11e29c2c6d04bd6cb3101a3a435e4b8a28a6c
docs/update-01/evidence/integrity.json	añadido		2cddfd48bfe44ed5cdd370045702caa35749ca0b792c802d3ff6afc200094d05
docs/update-01/evidence/npm-test.log	añadido		51bb5d16d5c17e4fe1c9e0a501e9daf7b9e5e14255a0e5efd647360ed79ef8e4
docs/update-01/evidence/perf-comparison.json	añadido		8d44993150b810f615e8cc88a84338ba206d2a302af3425334a2993b8ebc0439
docs/update-01/evidence/perf-inventory.json	añadido		3cf2b3d722740ee2f186222d57af0547f95bcadfe756876d2dbcb7cd3fd50611
docs/update-01/evidence/unit.log	añadido		2f540b83cad75e32ac2c8255246a669699485c7d556e660d94698791738ccd24
docs/update-01/evidence/vitals.log	añadido		5465f5c76a506c94ef965c4fb8c7e29c01baa5061397ef37525ad4d3b21f1d64
smoke-test.cjs	modificado	cfd47c55647b8a7f978b1655a9882fb03623575a0b2d968a1866960396759cb4	10693681f0006e76dcad5eac936950e4e9722798bd9d67584f1afb1bfe264e15
tools/build-startup.cjs	añadido		32f8ef6f1098c7f095cabb4e303fa92aa13e5486010c4cdb3002799882ea521e
tools/build.cjs	modificado	26f132160716289aa4ee9b060cf513d468741aa2490547143e826c583801b5b4	7c9a81e437ec7d3a28c6b70ba9e85f58b9e9f2521bf812aa725d0e893d7c2fc1
tools/update01-dom-test.cjs	añadido		223eed11ec29a355f28d3e03aafefd5dd65d397106bfea513142123e34eb10e3
tools/update01-e2e.cjs	añadido		589d5a02d90f808fe70f87072907e038531f419a2e83faf0c4817fde908b210d
tools/update01-integrity-test.cjs	añadido		4e4f25ba677e791cd19d50d9aa9a7028a5d553dd09759a256b4c693d0b28dbbc
tools/update01-test.cjs	añadido		4000c6ad11cccdd9235588dcacd4f8a7545fe2847fef9b1c980b82d302146b55
